word,current_avatar,upstream_sigml_filename_match
A,fingerspelling,yes_unreviewed
ABHA,fingerspelling,no
ABNORMAL,fingerspelling,no
ABOUT,fingerspelling,yes_unreviewed
ABOVE,fingerspelling,yes_unreviewed
ACCEPT,fingerspelling,yes_unreviewed
ACCESS,fingerspelling,yes_unreviewed
ACCESSIBILITY,fingerspelling,no
ACCOUNT,fingerspelling,no
ACROSS,fingerspelling,yes_unreviewed
ACTION,fingerspelling,no
ACTIONS,fingerspelling,no
ACTIVE,fingerspelling,yes_unreviewed
ADD,fingerspelling,yes_unreviewed
ADDED,fingerspelling,no
ADDITIONAL,fingerspelling,no
ADDRESS,fingerspelling,no
ADVICE,fingerspelling,yes_unreviewed
AFTER,fingerspelling,yes_unreviewed
AFTERNOON,fingerspelling,yes_unreviewed
AGGREGATING,fingerspelling,no
AI,fingerspelling,no
ALERTS,fingerspelling,no
ALL,fingerspelling,yes_unreviewed
ALLERGIES,fingerspelling,no
ALLERGY,fingerspelling,no
ALOUD,fingerspelling,no
ALWAYS,fingerspelling,yes_unreviewed
AN,fingerspelling,no
ANALYSIS,fingerspelling,no
ANALYZED,fingerspelling,no
ANALYZING,fingerspelling,no
AND,fingerspelling,no
ANSWER,fingerspelling,yes_unreviewed
ANY,fingerspelling,yes_unreviewed
ANYONE,fingerspelling,no
ANYTHING,fingerspelling,yes_unreviewed
APPEAR,fingerspelling,yes_unreviewed
APPLICATIONS,fingerspelling,no
APPOINTMENT,fingerspelling,yes_unreviewed
APPOINTMENTS,fingerspelling,no
APPROVED,fingerspelling,no
ARCHIVE,fingerspelling,no
ARE,fingerspelling,yes_unreviewed
ASK,fingerspelling,no
ASKING,fingerspelling,no
ASSESSMENT,fingerspelling,no
ASSESSMENTS,fingerspelling,no
ASSISTANCE,fingerspelling,no
ASSISTANT,fingerspelling,no
AT,fingerspelling,yes_unreviewed
ATTACH,fingerspelling,no
ATTACHED,fingerspelling,no
ATTENDING,fingerspelling,no
AUDIO,fingerspelling,no
AUTHORIZED,fingerspelling,no
AUTO,fingerspelling,no
AUTOMATICALLY,fingerspelling,no
AVAILABILITY,fingerspelling,no
AVAILABLE,fingerspelling,yes_unreviewed
BACK,fingerspelling,no
BASIC,fingerspelling,no
BE,fingerspelling,no
BED,fingerspelling,no
BEEN,fingerspelling,no
BEFORE,fingerspelling,yes_unreviewed
BEGIN,fingerspelling,yes_unreviewed
BEING,fingerspelling,no
BELOW,fingerspelling,yes_unreviewed
BETTER,fingerspelling,yes_unreviewed
BIGGER,fingerspelling,no
BIRTH,fingerspelling,no
BLOOD,fingerspelling,no
BOOK,fingerspelling,yes_unreviewed
BOOKED,fingerspelling,no
BOOKING,fingerspelling,no
BRIGHTER,fingerspelling,no
BROWSE,fingerspelling,no
BUILD,fingerspelling,yes_unreviewed
BUILDS,fingerspelling,no
BY,fingerspelling,no
CALENDAR,fingerspelling,no
CALL,fingerspelling,yes_unreviewed
CAMERA,fingerspelling,no
CAN,fingerspelling,yes_unreviewed
CANCEL,fingerspelling,yes_unreviewed
CANCELLED,fingerspelling,no
CAPTIONS,fingerspelling,no
CARDIOLOGY,fingerspelling,no
CARE,fingerspelling,no
CATEGORY,fingerspelling,no
CENTRE,fingerspelling,no
CHANGE,fingerspelling,no
CHANGES,fingerspelling,no
CHANNEL,fingerspelling,no
CHARGE,fingerspelling,no
CHAT,fingerspelling,no
CHATTING,fingerspelling,no
CHECK,fingerspelling,yes_unreviewed
CHECKUPS,fingerspelling,no
CHEST,fingerspelling,no
CHILLS,fingerspelling,no
CHOOSE,fingerspelling,no
CHOSEN,fingerspelling,no
CHRONOLOGICAL,fingerspelling,no
CHRONOLOGICALLY,fingerspelling,no
CLAIMS,fingerspelling,no
CLEAR,fingerspelling,no
CLEARLY,fingerspelling,no
CLICK,fingerspelling,yes_unreviewed
CLINIC,fingerspelling,yes_unreviewed
CLINICAL,fingerspelling,no
CLIPBOARD,fingerspelling,no
CLOSE,fingerspelling,yes_unreviewed
CLOSED,fingerspelling,no
CODE,fingerspelling,no
COLD,fingerspelling,no
COLLAPSE,fingerspelling,no
COMBINE,fingerspelling,no
COMFORT,fingerspelling,no
COMMUNICATION,fingerspelling,yes_unreviewed
COMMUNICATIONS,fingerspelling,no
COMPLETE,fingerspelling,no
COMPLETED,fingerspelling,no
COMPOSE,fingerspelling,no
CONCERN,fingerspelling,no
CONDITION,fingerspelling,no
CONDITIONS,fingerspelling,no
CONFIRM,fingerspelling,no
CONFIRMED,fingerspelling,no
CONNECT,fingerspelling,no
CONNECTED,fingerspelling,no
CONNECTING,fingerspelling,no
CONNECTION,fingerspelling,no
CONSULT,fingerspelling,no
CONSULTATION,fingerspelling,no
CONSULTATIONS,fingerspelling,no
CONSULTED,fingerspelling,no
CONTACT,fingerspelling,yes_unreviewed
CONTAIN,fingerspelling,no
CONTINUE,fingerspelling,yes_unreviewed
CONVERSATION,fingerspelling,no
CONVERSATIONS,fingerspelling,no
COPIED,fingerspelling,no
COPY,fingerspelling,yes_unreviewed
CORRESPONDENCE,fingerspelling,no
COUGH,fingerspelling,no
COUNT,fingerspelling,yes_unreviewed
CREATED,fingerspelling,no
CREATES,fingerspelling,no
CRITERIA,fingerspelling,no
CUES,fingerspelling,no
CURRENT,fingerspelling,no
CURRENTLY,fingerspelling,no
CUSTOMIZE,fingerspelling,no
DASHBOARD,fingerspelling,no
DATA,fingerspelling,no
DATE,fingerspelling,yes_unreviewed
DAY,fingerspelling,yes_unreviewed
DAYS,fingerspelling,no
DEFINITION,fingerspelling,no
DELETE,fingerspelling,yes_unreviewed
DERMATOLOGY,fingerspelling,no
DESCRIBE,fingerspelling,no
DESK,fingerspelling,yes_unreviewed
DETAILS,fingerspelling,no
DEVELOPMENT,fingerspelling,no
DIAGNOSES,fingerspelling,no
DIAGNOSIS,fingerspelling,no
DIFFERENT,fingerspelling,yes_unreviewed
DIGESTION,fingerspelling,no
DIGIT,fingerspelling,no
DIGITAL,fingerspelling,no
DIRECT,fingerspelling,no
DIRECTLY,fingerspelling,no
DIRECTORY,fingerspelling,no
DISCHARGE,fingerspelling,no
DISCLAIMER,fingerspelling,no
DISCOMFORT,fingerspelling,no
DISCONNECT,fingerspelling,no
DIZZINESS,fingerspelling,no
DO,fingerspelling,no
DOCTOR,fingerspelling,yes_unreviewed
DOCTORS,fingerspelling,no
DOCUMENT,fingerspelling,no
DOCUMENTS,fingerspelling,no
DOES,fingerspelling,no
DOWNLOAD,fingerspelling,no
DRAFTS,fingerspelling,no
DRAG,fingerspelling,no
DRINKING,fingerspelling,yes_unreviewed
DROP,fingerspelling,no
DRUGS,fingerspelling,no
DULL,fingerspelling,no
E,fingerspelling,yes_unreviewed
EDIT,fingerspelling,no
EDUCATIONAL,fingerspelling,no
EMAIL,fingerspelling,yes_unreviewed
EMERGENCY,fingerspelling,no
ENCRYPTED,fingerspelling,no
ENCRYPTION,fingerspelling,no
END,fingerspelling,no
ENDED,fingerspelling,no
ENERGY,fingerspelling,no
ENHANCED,fingerspelling,no
ENOUGH,fingerspelling,no
ENTER,fingerspelling,yes_unreviewed
EVENING,fingerspelling,yes_unreviewed
EVENTS,fingerspelling,no
EVERY,fingerspelling,yes_unreviewed
EXPAND,fingerspelling,no
EXPERIENCE,fingerspelling,yes_unreviewed
EXPIRED,fingerspelling,no
EXPIRES,fingerspelling,no
EXPLAIN,fingerspelling,no
EXPLORE,fingerspelling,no
EXTRACTED,fingerspelling,no
FAILED,fingerspelling,no
FEATURES,fingerspelling,no
FEMALE,fingerspelling,no
FEVER,fingerspelling,no
FEW,fingerspelling,yes_unreviewed
FILE,fingerspelling,no
FILES,fingerspelling,no
FILTER,fingerspelling,no
FILTERS,fingerspelling,no
FIND,fingerspelling,no
FINISH,fingerspelling,yes_unreviewed
FIRST,fingerspelling,no
FLAGS,fingerspelling,no
FOLDER,fingerspelling,no
FONT,fingerspelling,no
FOODS,fingerspelling,no
FOR,fingerspelling,no
FORMATS,fingerspelling,no
FOUND,fingerspelling,no
FRI,fingerspelling,no
FROM,fingerspelling,no
FRONT,fingerspelling,no
FULL,fingerspelling,no
G,fingerspelling,yes_unreviewed
GARGLES,fingerspelling,no
GENDER,fingerspelling,no
GENERAL,fingerspelling,no
GENERALLY,fingerspelling,no
GENERATE,fingerspelling,no
GENERATING,fingerspelling,no
GET,fingerspelling,yes_unreviewed
GOOD,fingerspelling,yes_unreviewed
GROUNDED,fingerspelling,no
GROUP,fingerspelling,no
GYNECOLOGY,fingerspelling,no
HAS,fingerspelling,no
HAVE,fingerspelling,no
HD,fingerspelling,no
HEADACHE,fingerspelling,no
HEALTH,fingerspelling,yes_unreviewed
HEALTHCARE,fingerspelling,no
HEALTHIER,fingerspelling,no
HELLO,fingerspelling,yes_unreviewed
HELP,fingerspelling,no
HELPS,fingerspelling,no
HEMOGLOBIN,fingerspelling,no
HERE,fingerspelling,no
HIGH,fingerspelling,no
HIGHLIGHTS,fingerspelling,no
HISTORY,fingerspelling,no
HOW,fingerspelling,yes_unreviewed
HYDRATED,fingerspelling,no
I,fingerspelling,yes_unreviewed
ID,fingerspelling,no
IDENTITY,fingerspelling,no
IF,fingerspelling,no
IMAGES,fingerspelling,no
IMPROVE,fingerspelling,yes_unreviewed
IN,fingerspelling,yes_unreviewed
INBOX,fingerspelling,no
INCREASE,fingerspelling,yes_unreviewed
INDIA,fingerspelling,no
INDIGESTION,fingerspelling,no
INDUSTRY,fingerspelling,no
INFORMATION,fingerspelling,no
INITIALIZING,fingerspelling,no
INITIATE,fingerspelling,no
INPUT,fingerspelling,no
INSIGHTS,fingerspelling,no
INSTANT,fingerspelling,no
INSTRUCTIONS,fingerspelling,no
INSURANCE,fingerspelling,no
INTAKE,fingerspelling,no
INTAKES,fingerspelling,no
INTEGRATION,fingerspelling,no
INTELLIGENCE,fingerspelling,no
INTERACTING,fingerspelling,no
INTERACTION,fingerspelling,no
INTERACTIVE,fingerspelling,no
INTERFACE,fingerspelling,no
INTO,fingerspelling,no
INVESTIGATION,fingerspelling,no
INVESTIGATIONS,fingerspelling,no
IS,fingerspelling,no
IT,fingerspelling,no
JOIN,fingerspelling,yes_unreviewed
JOINT,fingerspelling,no
JOURNEY,fingerspelling,no
JPEG,fingerspelling,no
JPG,fingerspelling,no
KEEP,fingerspelling,yes_unreviewed
KIOSK,fingerspelling,no
KNOWN,fingerspelling,no
LAB,fingerspelling,no
LABORATORY,fingerspelling,yes_unreviewed
LANGUAGE,fingerspelling,no
LARGER,fingerspelling,no
LAST,fingerspelling,no
LATEST,fingerspelling,no
LEARN,fingerspelling,yes_unreviewed
LEAVE,fingerspelling,yes_unreviewed
LIKE,fingerspelling,yes_unreviewed
LINK,fingerspelling,yes_unreviewed
LINKED,fingerspelling,no
LINKING,fingerspelling,no
LIST,fingerspelling,yes_unreviewed
LISTENING,fingerspelling,no
LIVE,fingerspelling,no
LOAD,fingerspelling,no
LOADING,fingerspelling,no
LOCATION,fingerspelling,no
LOG,fingerspelling,no
LOGGED,fingerspelling,no
LOGS,fingerspelling,no
LONGITUDINAL,fingerspelling,no
MAILBOX,fingerspelling,no
MAIN,fingerspelling,no
MALE,fingerspelling,no
MANAGE,fingerspelling,no
MANAGEMENT,fingerspelling,no
MANAGER,fingerspelling,no
MATCH,fingerspelling,no
MATCHING,fingerspelling,no
MATTERS,fingerspelling,no
MEAN,fingerspelling,no
MEANS,fingerspelling,no
MEDICAL,fingerspelling,no
MEDICATION,fingerspelling,no
MEDICATIONS,fingerspelling,no
MEDICINE,fingerspelling,no
MEDICINES,fingerspelling,no
MEDIKIOSK,fingerspelling,no
MESSAGE,fingerspelling,no
MESSAGES,fingerspelling,no
MG,fingerspelling,no
MICROPHONE,fingerspelling,no
MINUTES,fingerspelling,no
MOBILE,fingerspelling,no
MODE,fingerspelling,no
MOMENT,fingerspelling,no
MON,fingerspelling,no
MONTH,fingerspelling,no
MONTHLY,fingerspelling,no
MONTHS,fingerspelling,no
MORE,fingerspelling,yes_unreviewed
MORNING,fingerspelling,yes_unreviewed
MUTE,fingerspelling,no
MUTED,fingerspelling,no
MY,fingerspelling,yes_unreviewed
NAMASTE,fingerspelling,no
NAME,fingerspelling,yes_unreviewed
NEED,fingerspelling,yes_unreviewed
NEEDED,fingerspelling,no
NEEDS,fingerspelling,no
NEUROLOGY,fingerspelling,no
NEW,fingerspelling,yes_unreviewed
NEXT,fingerspelling,yes_unreviewed
NO,fingerspelling,yes_unreviewed
NOT,fingerspelling,no
NOTES,fingerspelling,no
NOW,fingerspelling,yes_unreviewed
NUMBER,fingerspelling,yes_unreviewed
OBSERVATIONS,fingerspelling,no
OCR,fingerspelling,no
OF,fingerspelling,no
OFF,fingerspelling,no
ON,fingerspelling,yes_unreviewed
ONBOARDING,fingerspelling,no
ONCE,fingerspelling,no
ONE,fingerspelling,yes_unreviewed
ONLINE,fingerspelling,no
ONLY,fingerspelling,no
OPEN,fingerspelling,yes_unreviewed
OPTION,fingerspelling,no
OPTIONAL,fingerspelling,no
OPTIONS,fingerspelling,no
OR,fingerspelling,yes_unreviewed
ORGANIZED,fingerspelling,no
ORTHOPEDICS,fingerspelling,no
OTHER,fingerspelling,no
OTHERS,fingerspelling,no
OTP,fingerspelling,no
OUR,fingerspelling,yes_unreviewed
OUT,fingerspelling,yes_unreviewed
OVERVIEW,fingerspelling,no
OWN,fingerspelling,yes_unreviewed
PAIN,fingerspelling,no
PAIRING,fingerspelling,no
PANELS,fingerspelling,no
PARACETAMOL,fingerspelling,no
PARTICIPANT,fingerspelling,no
PAST,fingerspelling,yes_unreviewed
PATIENT,fingerspelling,no
PAYMENT,fingerspelling,no
PDF,fingerspelling,no
PEDIATRICS,fingerspelling,no
PERSON,word_animation,yes_unreviewed
PERSONAL,fingerspelling,no
PERSONALIZED,fingerspelling,no
PHONE,fingerspelling,yes_unreviewed
PHOTO,fingerspelling,no
PHYSICIAN,fingerspelling,no
PLACE,fingerspelling,no
PLAN,fingerspelling,yes_unreviewed
PLEASE,fingerspelling,yes_unreviewed
PNG,fingerspelling,no
PORTAL,fingerspelling,no
PRACTITIONER,fingerspelling,no
PREFER,fingerspelling,no
PREFERENCE,fingerspelling,no
PREFERENCES,fingerspelling,no
PREFERRED,fingerspelling,no
PREPARED,fingerspelling,no
PRESCRIPTION,fingerspelling,no
PRESCRIPTIONS,fingerspelling,no
PRESSURE,fingerspelling,no
PREVIOUS,fingerspelling,no
PRIMARY,fingerspelling,no
PRIVATE,fingerspelling,no
PROCEDURE,fingerspelling,no
PROCEDURES,fingerspelling,no
PROCESSED,fingerspelling,no
PROCESSING,fingerspelling,no
PROFESSIONALS,fingerspelling,no
PROFILE,fingerspelling,no
PROGRESS,fingerspelling,no
PROMPTED,fingerspelling,no
PROMPTS,fingerspelling,no
PROTECTED,fingerspelling,no
PROVIDED,fingerspelling,no
PROVIDERS,fingerspelling,no
QR,fingerspelling,no
QUERY,fingerspelling,no
QUESTION,fingerspelling,yes_unreviewed
QUESTIONS,fingerspelling,no
QUICK,fingerspelling,yes_unreviewed
RADIOLOGY,fingerspelling,no
RASH,fingerspelling,no
RATING,fingerspelling,no
READ,fingerspelling,yes_unreviewed
REASON,fingerspelling,no
RECEIVE,fingerspelling,yes_unreviewed
RECENT,fingerspelling,no
RECOGNIZABLE,fingerspelling,no
RECOMMEND,fingerspelling,no
RECOMMENDED,fingerspelling,no
RECORD,fingerspelling,no
RECORDED,fingerspelling,no
RECORDING,fingerspelling,no
RECORDS,fingerspelling,no
REDIRECTING,fingerspelling,no
REFERENCE,fingerspelling,no
REGARDING,fingerspelling,no
REGION,fingerspelling,no
REGIONAL,fingerspelling,no
REGISTERED,fingerspelling,no
RELATED,fingerspelling,no
RELEVANCE,fingerspelling,no
REMINDER,fingerspelling,no
REMINDERS,fingerspelling,no
REMOTE,fingerspelling,no
REPLY,fingerspelling,no
REPORT,fingerspelling,no
REPORTED,fingerspelling,no
REPORTS,fingerspelling,no
REPOSITORY,fingerspelling,no
REQUEST,fingerspelling,no
REQUIRED,fingerspelling,no
RESEND,fingerspelling,no
RESET,fingerspelling,no
RESPONSES,fingerspelling,no
RESULT,fingerspelling,yes_unreviewed
RESULTS,fingerspelling,no
RETRY,fingerspelling,no
RETURN,fingerspelling,no
REVIEW,fingerspelling,no
REVIEWS,fingerspelling,no
REVOKE,fingerspelling,no
REVOKED,fingerspelling,no
REVOKING,fingerspelling,no
ROOM,fingerspelling,no
RX,fingerspelling,no
S,fingerspelling,yes_unreviewed
SAFE,fingerspelling,no
SAID,fingerspelling,no
SALINE,fingerspelling,no
SAT,fingerspelling,no
SAVE,fingerspelling,yes_unreviewed
SAVED,fingerspelling,no
SAVING,fingerspelling,no
SAYS,fingerspelling,no
SCAN,fingerspelling,no
SCANS,fingerspelling,no
SCHEDULE,fingerspelling,no
SCHEDULED,fingerspelling,no
SCREEN,fingerspelling,yes_unreviewed
SCREENS,fingerspelling,no
SEAMLESSLY,fingerspelling,no
SEARCH,fingerspelling,yes_unreviewed
SEARCHABLE,fingerspelling,no
SECURE,fingerspelling,no
SECURED,fingerspelling,no
SECURELY,fingerspelling,no
SELECT,fingerspelling,no
SELECTED,fingerspelling,no
SEND,fingerspelling,yes_unreviewed
SENDING,fingerspelling,no
SENT,fingerspelling,no
SERVICES,fingerspelling,no
SESSION,fingerspelling,no
SESSIONS,fingerspelling,no
SET,fingerspelling,no
SETTINGS,fingerspelling,no
SHARE,fingerspelling,no
SHOULD,fingerspelling,no
SHOWING,fingerspelling,no
SIMPLE,fingerspelling,no
SIZE,fingerspelling,no
SKIN,fingerspelling,no
SKIP,fingerspelling,no
SMALL,fingerspelling,no
SMOOTHER,fingerspelling,no
SMS,fingerspelling,no
SORT,fingerspelling,no
SOURCE,fingerspelling,no
SPEAK,fingerspelling,no
SPECIAL,fingerspelling,no
SPECIALIST,fingerspelling,no
SPECIALISTS,fingerspelling,no
SPECIALIZATION,fingerspelling,no
SPECIALIZATIONS,fingerspelling,no
SPECIALTIES,fingerspelling,no
SPEECH,fingerspelling,no
STANDARD,fingerspelling,no
STARRED,fingerspelling,no
START,fingerspelling,no
STARTED,fingerspelling,no
STARTING,fingerspelling,no
STATE,fingerspelling,no
STATUS,fingerspelling,no
STAY,fingerspelling,yes_unreviewed
STEP,fingerspelling,no
STEPS,fingerspelling,no
STILL,fingerspelling,no
STOMACH,fingerspelling,no
STOP,fingerspelling,no
STORED,fingerspelling,no
STORY,fingerspelling,no
STREAM,fingerspelling,no
STRUCTURED,fingerspelling,no
SUBJECT,fingerspelling,no
SUBSTANCES,fingerspelling,no
SUCCESSFULLY,fingerspelling,no
SUGGESTED,fingerspelling,no
SUMMARIES,fingerspelling,no
SUMMARY,fingerspelling,no
SUN,fingerspelling,no
SUPPORT,fingerspelling,no
SUPPORTED,fingerspelling,no
SURGERIES,fingerspelling,no
SYMPTOM,fingerspelling,no
SYMPTOMS,fingerspelling,no
SYNCED,fingerspelling,no
SYSTEM,fingerspelling,no
TAKE,fingerspelling,yes_unreviewed
TAKING,fingerspelling,no
TAP,fingerspelling,yes_unreviewed
TEAM,fingerspelling,no
TELECONSULT,fingerspelling,no
TELECONSULTATION,fingerspelling,no
TELECONSULTATIONS,fingerspelling,no
TEMPORARY,fingerspelling,no
TERMS,fingerspelling,no
TERRITORY,fingerspelling,no
TEST,fingerspelling,no
TESTS,fingerspelling,no
TEXT,fingerspelling,no
THAT,fingerspelling,yes_unreviewed
THE,fingerspelling,no
THEIR,fingerspelling,yes_unreviewed
THINGS,fingerspelling,no
THIS,fingerspelling,yes_unreviewed
THROUGH,fingerspelling,no
THU,fingerspelling,no
TIME,word_animation,yes_unreviewed
TIMELINE,fingerspelling,no
TIPS,fingerspelling,no
TITLE,fingerspelling,no
TO,fingerspelling,no
TODAY,fingerspelling,yes_unreviewed
TOKEN,fingerspelling,no
TOMORROW,fingerspelling,yes_unreviewed
TOP,fingerspelling,no
TOTAL,fingerspelling,no
TOUCH,fingerspelling,yes_unreviewed
TRACK,fingerspelling,yes_unreviewed
TRANSCRIBING,fingerspelling,no
TRANSCRIPT,fingerspelling,no
TRANSCRIPTS,fingerspelling,no
TRY,fingerspelling,yes_unreviewed
TUE,fingerspelling,no
TYPE,fingerspelling,no
UNABLE,fingerspelling,no
UNDERSTAND,fingerspelling,yes_unreviewed
UNDERSTANDS,fingerspelling,no
UNION,fingerspelling,no
UNLINK,fingerspelling,no
UNLINKING,fingerspelling,no
UNMUTE,fingerspelling,no
UP,fingerspelling,yes_unreviewed
UPCOMING,fingerspelling,no
UPDATE,fingerspelling,no
UPDATED,fingerspelling,no
UPDATES,fingerspelling,no
UPLOAD,fingerspelling,no
UPLOADED,fingerspelling,no
UPLOADING,fingerspelling,no
USE,fingerspelling,no
USED,fingerspelling,no
USING,fingerspelling,no
UT,fingerspelling,no
VALID,fingerspelling,no
VALUES,fingerspelling,no
VAULT,fingerspelling,no
VERIFICATION,fingerspelling,no
VERIFIED,fingerspelling,no
VERIFY,fingerspelling,no
VERIFYING,fingerspelling,no
VIA,fingerspelling,no
VIDEO,fingerspelling,yes_unreviewed
VIEW,fingerspelling,no
VISIT,fingerspelling,yes_unreviewed
VISITS,fingerspelling,no
VISUAL,fingerspelling,no
VITALS,fingerspelling,no
VOICE,fingerspelling,no
VOICEOVER,fingerspelling,no
WAIT,fingerspelling,yes_unreviewed
WAITING,fingerspelling,no
WALK,fingerspelling,no
WALKING,fingerspelling,no
WARM,fingerspelling,no
WATER,fingerspelling,yes_unreviewed
WE,fingerspelling,yes_unreviewed
WED,fingerspelling,no
WELCOME,fingerspelling,yes_unreviewed
WHAT,fingerspelling,yes_unreviewed
WHATSAPP,fingerspelling,no
WHEN,fingerspelling,yes_unreviewed
WHICH,fingerspelling,yes_unreviewed
WHILE,fingerspelling,no
WHO,fingerspelling,yes_unreviewed
WILL,fingerspelling,yes_unreviewed
WITH,fingerspelling,yes_unreviewed
WORDS,fingerspelling,no
WORKSPACE,fingerspelling,no
WOULD,fingerspelling,no
WRITE,fingerspelling,yes_unreviewed
YEAR,fingerspelling,no
YEARS,fingerspelling,no
YET,fingerspelling,no
YOU,word_animation,yes_unreviewed
YOUR,fingerspelling,yes_unreviewed
